Workbook

Sheet 成对计时
A2: 工业动作编排效率对照
A4: 5组候选分别对照示教器、JSON微调，共10行。黄色时间栏填写分钟；节约率显示为整数百分比。
A5: 候选case_id对应原始包的S-xxxx.json，目标参考JSON对应90°校正通过包；两包已逐组配对。
A6: 操作者经验为随机计划，不是已测记录。算法列为历史批处理单组核心调用耗时，仅供参考。
A7: 校正通过仅指冻结代理检查；来源范围和实机验证状态见方法说明。
A9: 候选数 | B9: 5 | C9: 对照行数 | D9: 10 | E9: 已填计时 | F9: =COUNT(I15:I24) -> 8 | G9: 核心累计 (s) | H9: =SUM(方法与字段!H9:H13) -> 19.311971
A11: 算法核心累计只计5个不同case一次，不是5组并行运行的批量墙钟时间。
A14: 任务编号 | B14: 候选case_id | C14: 目标参考JSON | D14: 操作者/经验（计划） | E14: 传统方法 | F14: 传统总耗时 (min) | G14: 新方法总耗时 (min) | H14: 算法批量单组耗时 (s，参考) | I14: 时间节约率 | J14: 备注
A15: 01-T | B15: S-0276 | C15: YS-0276.json | D15: 新手 | E15: 示教器 | F15: 43 | G15: 13 | H15: =方法与字段!H9 -> 3.9617492 | I15: =IF(AND(ISNUMBER(F15),F15>0,ISNUMBER(G15),G15>=0),(F15-G15)/F15,"") -> 0.69767442 | J15: 新手有一定机器人基础（看过机器人导论）
A16: 01-J | B16: S-0276 | C16: YS-0276.json | D16: 新手 | E16: JSON微调 | G16: 2 | H16: =方法与字段!H9 -> 3.9617492 | I16: =IF(AND(ISNUMBER(F16),F16>0,ISNUMBER(G16),G16>=0),(F16-G16)/F16,"") | J16: 大于1小时，不太懂相关参数，且第二次上手会流程新方法时间简短，使用自动矫正。
A17: 02-T | B17: S-0811 | C17: YS-0811.json | D17: 本人 | E17: 示教器 | F17: 43 | G17: 10 | H17: =方法与字段!H10 -> 4.1000204 | I17: =IF(AND(ISNUMBER(F17),F17>0,ISNUMBER(G17),G17>=0),(F17-G17)/F17,"") -> 0.76744186 | J17: 包含第一次使用启动访问界面时间.本次web仿真端没有矫正成功，部分使用手动矫正，9，10动作自动矫正。
A18: 02-J | B18: S-0811 | C18: YS-0811.json | D18: 本人 | E18: JSON微调 | F18: 23 | G18: 9 | H18: =方法与字段!H10 -> 4.1000204 | I18: =IF(AND(ISNUMBER(F18),F18>0,ISNUMBER(G18),G18>=0),(F18-G18)/F18,"") -> 0.60869565 | J18: 传统方法主要老是输错相关参数.本次web仿真端没有矫正成功，部分使用手动矫正，9，10动作自动矫正。
A19: 03-T | B19: S-0070 | C19: YS-0070.json | D19: 新手 | E19: 示教器 | F19: 28 | G19: 12 | H19: =方法与字段!H11 -> 3.7110569 | I19: =IF(AND(ISNUMBER(F19),F19>0,ISNUMBER(G19),G19>=0),(F19-G19)/F19,"") -> 0.57142857 | J19: 新手逐渐尝试使用使能手动扳倒指定动作，本次web仿真端没有矫正成功，使用手动矫正
A20: 03-J | B20: S-0070 | C20: YS-0070.json | D20: 新手 | E20: JSON微调 | G20: 12 | H20: =方法与字段!H11 -> 3.7110569 | I20: =IF(AND(ISNUMBER(F20),F20>0,ISNUMBER(G20),G20>=0),(F20-G20)/F20,"") | J20: 不会写，没参考意义，本次web仿真端没有自动矫正成功，使用手动矫正
A21: 04-T | B21: S-0170 | C21: YS-0170.json | D21: 熟练 | E21: 示教器 | F21: 19 | G21: 3 | H21: =方法与字段!H12 -> 3.6815017 | I21: =IF(AND(ISNUMBER(F21),F21>0,ISNUMBER(G21),G21>=0),(F21-G21)/F21,"") -> 0.84210526 | J21: 本次web仿真端没有自动矫正成功，先是把每个动作测试安全区，然后使用自动矫正成功。
A22: 04-J | B22: S-0170 | C22: YS-0170.json | D22: 熟练 | E22: JSON微调 | F22: 37 | G22: 8 | H22: =方法与字段!H12 -> 3.6815017 | I22: =IF(AND(ISNUMBER(F22),F22>0,ISNUMBER(G22),G22>=0),(F22-G22)/F22,"") -> 0.78378378 | J22: 本次web仿真端没有自动矫正成功，先是把每个动作测试安全区，然后使用自动矫正成功。
A23: 05-T | B23: S-0753 | C23: YS-0753.json | D23: 熟练 | E23: 示教器 | F23: 33 | G23: 11 | H23: =方法与字段!H13 -> 3.8576429 | I23: =IF(AND(ISNUMBER(F23),F23>0,ISNUMBER(G23),G23>=0),(F23-G23)/F23,"") -> 0.66666667 | J23: 本次web仿真端没有自动矫正成功，先是把每个动作测试安全区，然后使用自动矫正成功。
A24: 05-J | B24: S-0753 | C24: YS-0753.json | D24: 熟练 | E24: JSON微调 | F24: 67 | G24: 6 | H24: =方法与字段!H13 -> 3.8576429 | I24: =IF(AND(ISNUMBER(F24),F24>0,ISNUMBER(G24),G24>=0),(F24-G24)/F24,"") -> 0.91044776 | J24: 本次web仿真端没有自动矫正成功，先是把每个动作测试安全区，然后使用自动矫正成功。

Sheet 方法与字段
A2: 抽样配对与字段说明
A4: S系列35°/45°/90°代理通过率为0%/3%/48.6%。本次仅从90°档486组通过池中抽5组。
A5: 5/486≈1.0288%。按原始关节总变化量排序并作Rankit正态分位分层，五层各抽1组。
A6: 抽样种子20261017；经验计划种子2026101701。熟练2组、新手2组、本人1组。
A8: 层 | B8: 层内case数 | C8: 源排序范围 | D8: 候选case_id | E8: 原始JSON | F8: 目标参考JSON | G8: 初始经验计划 | H8: 单组核心耗时 (s) | I8: 单case纳入概率 | J8: 分层汇总权重
A9: 1 | B9: 97 | C9: 1—97 | D9: S-0276 | E9: S-0276.json | F9: YS-0276.json | G9: 新手 | H9: 3.9617492 | I9: 0.010309278 | J9: 0.19958848
A10: 2 | B10: 97 | C10: 98—194 | D10: S-0811 | E10: S-0811.json | F10: YS-0811.json | G10: 本人 | H10: 4.1000204 | I10: 0.010309278 | J10: 0.19958848
A11: 3 | B11: 98 | C11: 195—292 | D11: S-0070 | E11: S-0070.json | F11: YS-0070.json | G11: 新手 | H11: 3.7110569 | I11: 0.010204082 | J11: 0.20164609
A12: 4 | B12: 97 | C12: 293—389 | D12: S-0170 | E12: S-0170.json | F12: YS-0170.json | G12: 熟练 | H12: 3.6815017 | I12: 0.010309278 | J12: 0.19958848
A13: 5 | B13: 97 | C13: 390—486 | D13: S-0753 | E13: S-0753.json | F13: YS-0753.json | G13: 熟练 | H13: 3.8576429 | I13: 0.010309278 | J13: 0.19958848
A16: 任务同步 | D16: 同一case的传统方法与新方法使用同一原始输入及同一目标JSON；示教器按相同关节点位设定，JSON微调从该原始文件开始。
A17: 时间字段 | D17: F、G列均为分钟。包括准备、编排、复核及返工；各行分别计时，不把同case的首次学习时间直接复制到第二种对照。
A18: 节约率 | D18: (传统分钟−新方法分钟)/传统分钟。两值为数字、传统>0且新方法≥0时计算；新方法更慢时保留负百分比。
A19: 未完成记录 | D19: 未做实验留空。中止或未达到同一目标时在备注写明，不把提前中止时间当作完整任务的效率提升。
A20: 算法参考 | D20: H列读取既有elapsed_s，仅含单次核心repair调用；不含原始/最终复验、写盘、JIT和人工。重复两行显示不代表算法运行两次。
A21: 分组含义 | D21: 4:4:2是计划分配：5个case为2熟练/2新手/1本人，展开10行为4/4/2。本人是操作者类别，不推定具体熟练度。
A22: 统计范围 | D22: 每层1个，5个独立case、两种基线各5对；不能把10行当10个独立case。只描述90°代理通过池条件下的效率。
A23: 验证状态 | D23: 90°通过池486组全部未满足原Data观察范围；“校正通过”不等于实际标定、任务保持或实机验证通过。JSON按原字节复制。
A24: 方法文献 | D24: McKay等，Technometrics 1979，21(2):239–245，DOI 10.1080/00401706.1979.10489755；Beasley等，Behavior Genetics 2009，39(5):580–595，DOI 10.1007/s10519-009-9281-0。
A25: 文献链接 | D25: https://www.stat.cmu.edu/technometrics/70-79/VOL-21-02/v2102239.pdf https://pmc.ncbi.nlm.nih.gov/articles/PMC2921808/
A26: 源数据 | D26: S系列微调实验/records/batch_results.csv；原始S-xxxx.json与输出YS-xxxx.json由抽样配对清单记录路径及SHA256。完整论文叙述见同目录方法说明.txt。
